{"cameraMode":{"drawMode":0,"name":"Shaded","section":"Shading Mode"},"sceneLighting":false,"audioPlay":false,"sceneViewState":{"m_AlwaysRefresh":false,"showFog":true,"showSkybox":false,"showFlares":true,"showImageEffects":true,"showParticleSystems":true,"showVisualEffectGraphs":true,"m_FxEnabled":true},"in2DMode":false,"pivot":{"x":-7.553440093994141,"y":9.040108680725098,"z":0.06448173522949219},"rotation":{"x":0.100614994764328,"y":-0.022389061748981477,"z":0.002269311109557748,"w":0.9946900606155396},"size":1.8350844383239747,"orthographic":false}